"encephalopathy,bc",0.0832004696131
influenza,0.0794003009796
decubitus ulcer,0.0462384931743
infection urinary tract,0.04293544963
neoplasm metastasis,0.039570402354
